Süre;Uzama;Gerilim 1;Yük
(sec);(mm);(mm/mm);(N)
0,000;0,00;0,00000;-0,1173
0,2000;0,0107;0,00000;25,3197
0,4000;0,0259;0,00001;61,0628
0,6000;0,0398;0,00002;99,4518
0,8000;0,0533;0,00003;138,8240
1,000;0,0666;0,00003;189,6291
1,200;0,0799;0,00005;244,2186
1,400;0,0933;0,00006;327,6009
1,600;0,107;0,00008;425,6565
1,800;0,120;0,00010;531,7152
2,000;0,133;0,000119;660,7773
2,200;0,147;0,000146;836,4049
2,400;0,160;0,000181;1087,3598
2,600;0,173;0,000215;1367,8706
2,800;0,187;0,000252;1689,2418
3,000;0,200;0,000289;2026,9377
3,200;0,213;0,000325;2360,5511
3,400;0,226;0,000361;2682,4111
3,600;0,240;0,000396;3005,4769
3,800;0,253;0,000430;3309,5516
4,000;0,266;0,000462;3594,3113
4,200;0,280;0,000493;3860,4781
4,400;0,293;0,000522;4113,6652
4,600;0,307;0,000550;4350,3325
4,800;0,320;0,000577;4576,1522
5,000;0,333;0,000604;4800,2906
5,200;0,347;0,000629;5016,3299
5,400;0,360;0,000654;5228,4587
5,600;0,373;0,000680;5431,6450
5,800;0,387;0,000705;5639,4372
6,000;0,400;0,000731;5833,4708
6,200;0,413;0,000756;6017,6663
6,400;0,427;0,000782;6202,6665
6,600;0,440;0,000808;6382,4661
6,800;0,453;0,000833;6551,9802
7,000;0,466;0,000857;6710,5450
7,200;0,480;0,000883;6872,3328
7,400;0,493;0,000907;7024,8857
7,600;0,507;0,000932;7169,9247
7,800;0,520;0,000957;7311,6526
8,000;0,533;0,000982;7455,1679
8,200;0,547;0,00101;7593,3523
8,400;0,560;0,00103;7725,2515
8,600;0,573;0,00106;7860,4005
8,800;0,587;0,00108;7992,6297
9,000;0,600;0,00111;8123,3270
9,200;0,613;0,00114;8249,4386
9,400;0,627;0,00117;8379,1010
9,600;0,640;0,00120;8501,1281
9,800;0,653;0,00123;8615,5757
10,00;0,667;0,00126;8733,8746
10,20;0,680;0,00130;8856,1520
10,40;0,693;0,00133;8975,4038
10,60;0,707;0,00136;9088,3859
10,80;0,720;0,00140;9210,3608
11,00;0,733;0,00144;9326,8096
11,20;0,747;0,00148;9437,9961
11,40;0,760;0,00152;9551,6033
11,60;0,773;0,00157;9668,4501
11,80;0,787;0,00161;9782,6764
12,00;0,800;0,00166;9891,1189
12,20;0,813;0,00171;10005,2692
12,40;0,827;0,00176;10115,1556
12,60;0,840;0,00181;10221,1498
12,80;0,853;0,00186;10323,4448
13,00;0,867;0,00192;10431,6726
13,20;0,880;0,00198;10536,0411
13,40;0,893;0,00204;10629,8566
13,60;0,907;0,00211;10728,0143
13,80;0,920;0,00218;10819,8732
14,00;0,933;0,00225;10907,8169
14,20;0,947;0,00234;10985,8774
14,40;0,960;0,00243;11063,6882
14,60;0,973;0,00254;11132,0406
14,80;0,987;0,00265;11187,5542
15,00;1,00;0,00278;11236,5752
15,20;1,01;0,00292;11282,5096
15,40;1,03;0,00307;11320,7914
15,60;1,04;0,00322;11345,2867
15,80;1,05;0,00339;11369,9116
16,00;1,07;0,00357;11387,4033
16,20;1,08;0,00375;11394,9463
16,40;1,09;0,00394;11394,8427
16,60;1,11;0,00414;11398,9696
16,80;1,12;0,00434;11399,4449
17,00;1,13;0,00454;11391,6852
17,20;1,15;0,00474;11388,8800
17,40;1,16;0,00494;11387,3288
17,60;1,17;0,00514;11381,7431
17,80;1,19;0,00535;11372,0931
18,00;1,20;0,00556;11372,3218
18,20;1,21;0,00577;11374,5704
18,40;1,23;0,00599;11367,3083
18,60;1,24;0,00622;11365,1618
18,80;1,25;0,00646;11368,9676
19,00;1,27;0,00670;11371,8070
19,20;1,28;0,00695;11368,9087
19,40;1,29;0,00721;11373,5825
19,60;1,31;0,00747;11382,2684
19,80;1,32;0,00773;11386,0510
20,00;1,33;0,00800;11389,6012
20,20;1,35;0,00828;11397,2358
20,40;1,36;0,00855;11406,1199
20,60;1,37;0,00883;11413,1965
20,80;1,39;0,00911;11422,9105
21,00;1,40;0,00939;11437,8177
21,20;1,41;0,00968;11449,8831
21,40;1,43;0,00996;11456,5805
21,60;1,44;0,0102;11471,7655
21,80;1,45;0,0105;11485,4939
22,00;1,47;0,0108;11493,5480
22,20;1,48;0,0111;11509,1130
22,40;1,49;0,0114;11527,6791
22,60;1,51;0,0116;11545,0993
22,80;1,52;0,0119;11552,6609
23,00;1,53;0,0122;11568,7892
23,20;1,55;0,0124;11587,2927
23,40;1,56;0,0127;11598,9774
23,60;1,57;0,0130;11614,0105
23,80;1,59;0,0132;11632,6667
24,00;1,60;0,0135;11651,3148
24,20;1,61;0,0137;11663,0211
24,40;1,63;0,0140;11680,6976
24,60;1,64;0,0142;11699,6221
24,80;1,65;0,0145;11715,9747
25,00;1,67;0,0147;11727,3651
25,20;1,68;0,0150;11748,6693
25,40;1,69;0,0152;11768,7315
25,60;1,71;0,0154;11781,4735
25,80;1,72;0,0157;11797,3082
26,00;1,73;0,0159;11817,0530
26,20;1,75;0,0161;11836,9594
26,40;1,76;0,0164;11849,3780
26,60;1,77;0,0166;11868,0581
26,80;1,79;0,0168;11888,4593
27,00;1,80;0,0170;11903,8269
27,20;1,81;0,0173;11918,8860
27,40;1,83;0,0175;11935,4419
27,60;1,84;0,0177;11957,1276
27,80;1,85;0,0179;11971,2487
28,00;1,87;0,0181;11989,8818
28,20;1,88;0,0184;12009,8725
28,40;1,89;0,0186;12024,3065
28,60;1,91;0,0188;12037,7600
28,80;1,92;0,0190;12057,0749
29,00;1,93;0,0192;12080,5457
29,20;1,95;0,0194;12091,3893
29,40;1,96;0,0196;12107,4408
29,60;1,97;0,0198;12128,6742
29,80;1,99;0,0200;12147,8960
30,00;2,00;0,0202;12158,8551
30,20;2,01;0,0204;12179,0119
30,40;2,03;0,0207;12199,4197
30,60;2,04;0,0209;12214,3947
30,80;2,05;0,0211;12228,4159
31,00;2,07;0,0213;12246,9217
31,20;2,08;0,0215;12267,9897
31,40;2,09;0,0217;12279,4807
31,60;2,11;0,0219;12296,6006
31,80;2,12;0,0221;12315,8284
32,00;2,13;0,0223;12332,3508
32,20;2,15;0,0225;12345,3237
32,40;2,16;0,0227;12361,7463
32,60;2,17;0,0229;12385,6366
32,80;2,19;0,0231;12397,5813
33,00;2,20;0,0233;12414,7914
33,20;2,21;0,0235;12433,0930
33,40;2,23;0,0237;12452,3357
33,60;2,24;0,0239;12462,4945
33,80;2,25;0,0241;12480,5436
34,00;2,27;0,0243;12499,7199
34,20;2,28;0,0245;12513,7180
34,40;2,29;0,0247;12528,9187
34,60;2,31;0,0249;12547,8432
34,80;2,32;0,0251;12569,3545
35,00;2,33;0,0253;12579,9268
35,20;2,35;0,0255;12597,1228
35,40;2,36;0,0257;12614,8999
35,60;2,37;0,0259;12630,7845
35,80;2,39;0,0261;12643,8275
36,00;2,40;0,0263;12660,6986
36,20;2,41;0,0265;12682,8894
36,40;2,43;0,0267;12690,3430
36,60;2,44;0,0269;12706,7581
36,80;2,45;0,0271;12723,7573
37,00;2,47;0,0273;12744,0825
37,20;2,48;0,0275;12755,0662
37,40;2,49;0,0278;12770,3160
37,60;2,51;0,0280;12789,5638
37,80;2,52;0,0282;12803,4651
38,00;2,53;0,0284;12817,2383
38,20;2,55;0,0286;12831,3527
38,40;2,56;0,0288;12851,9565
38,60;2,57;0,0290;12863,9892
38,80;2,59;0,0292;12877,6297
39,00;2,60;0,0294;12894,3205
39,20;2,61;0,0296;12909,7566
39,40;2,63;0,0298;12920,1189
39,60;2,64;0,0300;12936,2494
39,80;2,65;0,0302;12958,1735
40,00;2,67;0,0304;12969,0364
40,20;2,68;0,0306;12982,5532
40,40;2,69;0,0308;12998,1533
40,60;2,71;0,0311;13015,9542
40,80;2,72;0,0313;13023,8548
41,00;2,73;0,0315;13039,1404
41,20;2,75;0,0317;13059,4224
41,40;2,76;0,0319;13071,4580
41,60;2,77;0,0321;13083,0124
41,80;2,79;0,0323;13097,3533
42,00;2,80;0,0325;13117,5712
42,20;2,81;0,0327;13124,3706
42,40;2,83;0,0329;13138,4313
42,60;2,84;0,0331;13156,8119
42,80;2,85;0,0334;13172,3419
43,00;2,87;0,0336;13181,4003
43,20;2,88;0,0338;13195,5400
43,40;2,89;0,0340;13215,3302
43,60;2,91;0,0342;13226,2528
43,80;2,92;0,0344;13238,0530
44,00;2,93;0,0346;13252,8111
44,20;2,95;0,0348;13268,5110
44,40;2,96;0,0350;13279,0536
44,60;2,97;0,0352;13292,3409
44,80;2,99;0,0355;13310,4920
45,00;3,00;0,0357;13321,3222
45,20;3,01;0,0359;13334,8361
45,40;3,03;0,0361;13345,2550
45,60;3,04;0,0363;13363,3554
45,80;3,05;0,0365;13371,5481
46,00;3,07;0,0367;13383,4094
46,20;3,08;0,0369;13400,8989
46,40;3,09;0,0371;13414,3099
46,60;3,11;0,0374;13424,7109
46,80;3,12;0,0376;13436,7585
47,00;3,13;0,0378;13456,0183
47,20;3,15;0,0380;13462,0517
47,40;3,16;0,0382;13474,5896
47,60;3,17;0,0384;13489,1048
47,80;3,19;0,0386;13503,6051
48,00;3,20;0,0388;13512,1390
48,20;3,21;0,0391;13523,2687
48,40;3,23;0,0393;13542,0352
48,60;3,24;0,0395;13551,5600
48,80;3,25;0,0397;13561,7241
49,00;3,27;0,0399;13575,4287
49,20;3,28;0,0401;13593,2863
49,22;3,28;0,0401;13592,8765
49,23;3,28;0,0401;13592,2357
49,23;3,28;0,0401;13592,0629
58,79;3,28;0,0110;12842,6805
58,99;3,29;0,0110;13154,9582
59,19;3,31;0,0110;13553,5285
59,39;3,32;0,0110;13633,3913
59,59;3,34;0,0110;13642,9131
59,79;3,35;0,0110;13655,2989
59,99;3,36;0,0110;13667,9590
60,19;3,38;0,0110;13681,8364
60,39;3,39;0,0110;13687,9638
60,59;3,40;0,0110;13701,6907
60,79;3,42;0,0110;13715,9631
60,99;3,43;0,0110;13722,2931
61,19;3,44;0,0110;13733,9517
61,39;3,46;0,0110;13748,7665
61,59;3,47;0,0110;13763,9955
61,79;3,48;0,0110;13767,1620
61,99;3,50;0,0110;13779,5955
62,19;3,51;0,0110;13794,5637
62,39;3,52;0,0110;13803,7741
62,59;3,54;0,0110;13812,0413
62,79;3,55;0,0110;13826,5088
62,99;3,56;0,0110;13843,0819
63,19;3,58;0,0110;13849,1675
63,39;3,59;0,0110;13859,2228
63,59;3,60;0,0110;13873,3402
63,79;3,62;0,0110;13883,7188
63,99;3,63;0,0110;13890,3692
64,19;3,64;0,0110;13902,2604
64,39;3,66;0,0110;13919,0137
64,59;3,67;0,0110;13926,3377
64,79;3,68;0,0110;13935,1711
64,99;3,70;0,0110;13947,3230
65,19;3,71;0,0110;13962,7308
65,39;3,72;0,0110;13967,7748
65,59;3,74;0,0110;13977,7035
65,79;3,75;0,0110;13992,7775
65,99;3,76;0,0110;14002,5035
66,19;3,78;0,0110;14010,2640
66,39;3,79;0,0110;14020,9585
66,59;3,80;0,0110;14037,6449
66,79;3,82;0,0110;14043,8184
66,99;3,83;0,0110;14054,1568
67,19;3,84;0,0110;14066,5635
67,39;3,86;0,0110;14074,8665
67,59;3,87;0,0110;14081,2173
67,79;3,88;0,0110;14090,9955
67,99;3,90;0,0110;14108,2197
68,19;3,91;0,0110;14114,2130
68,39;3,92;0,0110;14122,9123
68,59;3,94;0,0110;14134,6022
68,79;3,95;0,0110;14147,8166
68,99;3,96;0,0110;14153,0856
69,19;3,98;0,0110;14160,1503
69,39;3,99;0,0110;14175,7324
69,59;4,00;0,0110;14184,7298
69,79;4,02;0,0110;14190,9584
69,99;4,03;0,0110;14201,4995
70,19;4,04;0,0110;14215,9626
70,39;4,06;0,0110;14220,8204
70,59;4,07;0,0110;14227,9789
70,79;4,08;0,0110;14241,5687
70,99;4,10;0,0110;14250,7643
71,19;4,11;0,0110;14257,2001
71,39;4,12;0,0110;14265,8263
71,59;4,14;0,0110;14280,6202
71,79;4,15;0,0110;14285,7552
71,99;4,16;0,0110;14294,3099
72,19;4,18;0,0110;14305,5096
72,39;4,19;0,0110;14317,0521
72,59;4,20;0,0110;14320,3124
72,79;4,22;0,0110;14326,4100
72,99;4,23;0,0110;14340,4230
73,19;4,24;0,0110;14347,8677
73,39;4,26;0,0110;14355,8845
73,59;4,27;0,0110;14366,3570
73,79;4,28;0,0110;14378,7578
73,99;4,30;0,0110;14383,4472
74,19;4,31;0,0110;14388,2751
74,39;4,32;0,0110;14400,3183
74,59;4,34;0,0110;14407,5036
74,79;4,35;0,0110;14414,4252
74,99;4,36;0,0110;14423,5119
75,19;4,38;0,0110;14437,9959
75,39;4,39;0,0110;14444,3080
75,59;4,40;0,0110;14449,2701
75,79;4,42;0,0110;14459,6428
75,99;4,43;0,0110;14470,2435
76,19;4,44;0,0110;14475,4052
76,39;4,46;0,0110;14480,1423
76,59;4,47;0,0110;14493,7530
76,79;4,48;0,0110;14500,7446
76,99;4,50;0,0110;14507,0747
77,19;4,51;0,0110;14515,8648
77,39;4,52;0,0110;14527,4878
77,59;4,54;0,0110;14531,4112
77,79;4,55;0,0110;14536,8189
77,99;4,56;0,0110;14547,3182
78,19;4,58;0,0110;14554,8329
78,39;4,59;0,0110;14561,4982
78,59;4,60;0,0110;14570,1826
78,79;4,62;0,0110;14582,5014
78,99;4,63;0,0110;14588,3918
79,19;4,64;0,0110;14592,5969
79,39;4,66;0,0110;14601,9876
79,59;4,67;0,0110;14612,7552
79,79;4,68;0,0110;14615,5089
79,99;4,70;0,0110;14622,5497
80,19;4,71;0,0110;14636,5032
80,39;4,72;0,0110;14642,1328
80,59;4,74;0,0110;14646,4050
80,79;4,75;0,0110;14654,0940
80,99;4,76;0,0110;14668,4021
81,19;4,78;0,0110;14671,4941
81,39;4,79;0,0110;14675,7454
81,59;4,80;0,0110;14689,5379
81,79;4,82;0,0110;14696,5206
81,99;4,83;0,0110;14700,8657
82,19;4,84;0,0110;14706,8903
82,39;4,86;0,0110;14720,7960
82,59;4,87;0,0110;14725,3200
82,79;4,88;0,0110;14732,1433
82,99;4,90;0,0110;14740,6504
83,19;4,91;0,0110;14749,5225
83,39;4,92;0,0110;14752,9706
83,59;4,94;0,0110;14757,9417
83,79;4,95;0,0110;14769,9177
83,99;4,96;0,0110;14777,1999
84,19;4,98;0,0110;14782,3870
84,39;4,99;0,0110;14790,1610
84,59;5,00;0,0110;14801,9224
84,79;5,02;0,0110;14805,6105
84,99;5,03;0,0110;14809,9512
85,19;5,04;0,0110;14821,8304
85,39;5,06;0,0110;14829,8532
85,59;5,07;0,0110;14835,0820
85,79;5,08;0,0110;14840,4866
85,99;5,10;0,0110;14855,2880
86,19;5,11;0,0110;14857,8942
86,39;5,12;0,0110;14861,9771
86,59;5,14;0,0110;14870,5766
86,79;5,15;0,0110;14879,9896
86,99;5,16;0,0110;14886,7309
87,19;5,18;0,0110;14889,8244
87,39;5,19;0,0110;14902,8778
87,59;5,20;0,0110;14907,6968
87,79;5,22;0,0110;14912,3892
87,99;5,23;0,0110;14919,2587
88,19;5,24;0,0110;14932,1541
88,39;5,26;0,0110;14934,6545
88,59;5,27;0,0110;14937,4932
88,79;5,28;0,0110;14949,0610
88,99;5,30;0,0110;14957,4354
89,19;5,31;0,0110;14962,0220
89,39;5,32;0,0110;14966,4745
89,59;5,34;0,0110;14978,4788
89,79;5,35;0,0110;14982,2563
89,99;5,36;0,0110;14986,6402
90,19;5,38;0,0110;14995,2456
90,39;5,39;0,0110;15003,2371
90,59;5,40;0,0110;15009,1186
90,79;5,42;0,0110;15010,8606
90,99;5,43;0,0110;15024,9586
91,19;5,44;0,0110;15029,4587
91,39;5,46;0,0110;15032,5209
91,59;5,47;0,0110;15039,8538
91,79;5,48;0,0110;15050,8091
91,99;5,50;0,0110;15055,7876
92,19;5,51;0,0110;15056,9782
92,39;5,52;0,0110;15068,8931
92,59;5,54;0,0110;15076,1917
92,79;5,55;0,0110;15081,2015
92,99;5,56;0,0110;15083,8137
93,19;5,58;0,0110;15095,2786
93,39;5,59;0,0110;15100,9053
93,59;5,60;0,0110;15102,4461
93,79;5,62;0,0110;15111,9679
93,99;5,63;0,0110;15119,9043
94,19;5,64;0,0110;15126,0614
94,39;5,66;0,0110;15127,2297
94,59;5,67;0,0110;15139,0702
94,79;5,68;0,0110;15142,9892
94,99;5,70;0,0110;15148,2791
95,19;5,71;0,0110;15152,4261
95,39;5,72;0,0110;15162,4039
95,59;5,74;0,0110;15166,7014
95,79;5,75;0,0110;15168,8010
95,99;5,76;0,0110;15181,4103
96,19;5,78;0,0110;15186,4111
96,39;5,79;0,0110;15192,1481
96,59;5,80;0,0110;15192,5087
96,79;5,82;0,0110;15205,4071
96,99;5,83;0,0110;15209,9133
97,19;5,84;0,0110;15209,6093
97,39;5,86;0,0110;15220,3113
97,59;5,87;0,0110;15228,8109
97,79;5,88;0,0110;15233,2008
97,99;5,90;0,0110;15234,8638
98,19;5,91;0,0110;15245,6313
98,39;5,92;0,0110;15251,3459
98,59;5,94;0,0110;15252,8688
98,79;5,95;0,0110;15257,9844
98,99;5,96;0,0110;15268,5538
99,19;5,98;0,0110;15275,4351
99,39;5,99;0,0110;15275,2966
99,59;6,00;0,0110;15286,3592
99,79;6,02;0,0110;15291,0203
99,99;6,03;0,0110;15295,6694
100,2;6,04;0,0110;15297,9121
100,4;6,06;0,0110;15308,2609
100,6;6,07;0,0110;15313,2245
100,8;6,08;0,0110;15313,2752
101,0;6,10;0,0110;15322,0162
101,2;6,11;0,0110;15329,3520
101,4;6,12;0,0110;15335,2425
101,6;6,14;0,0110;15335,3482
101,8;6,15;0,0110;15345,6539
102,0;6,16;0,0110;15352,4816
102,2;6,18;0,0110;15353,1164
102,4;6,19;0,0110;15358,7699
102,6;6,20;0,0110;15367,3485
102,8;6,22;0,0110;15371,7518
103,0;6,23;0,0110;15373,6427
103,2;6,24;0,0110;15383,2540
103,4;6,26;0,0110;15390,3112
103,6;6,27;0,0110;15391,5301
103,8;6,28;0,0110;15393,9754
104,0;6,30;0,0110;15402,9533
104,2;6,31;0,0110;15410,7541
104,4;6,32;0,0110;15409,9479
104,6;6,34;0,0110;15418,6681
104,8;6,35;0,0110;15425,1784
105,0;6,36;0,0110;15430,9079
105,2;6,38;0,0110;15430,0332
105,4;6,39;0,0110;15440,2643
105,6;6,40;0,0110;15446,2606
105,8;6,42;0,0110;15448,0502
106,0;6,43;0,0110;15453,1747
106,2;6,44;0,0110;15460,2915
106,4;6,46;0,0110;15465,8243
106,6;6,47;0,0110;15466,6230
106,8;6,48;0,0110;15475,6129
107,0;6,50;0,0110;15482,0025
107,2;6,51;0,0110;15483,0426
107,4;6,52;0,0110;15487,4668
107,6;6,54;0,0110;15494,9754
107,8;6,55;0,0110;15500,4516
108,0;6,56;0,0110;15500,7079
108,2;6,58;0,0110;15507,3777
108,4;6,59;0,0110;15516,2320
108,6;6,60;0,0110;15519,8514
108,8;6,62;0,0110;15519,8053
109,0;6,63;0,0110;15527,5434
109,2;6,64;0,0110;15534,1789
109,4;6,66;0,0110;15535,3159
109,6;6,67;0,0110;15541,5595
109,8;6,68;0,0110;15548,8312
110,0;6,70;0,0110;15552,9618
110,2;6,71;0,0110;15552,7070
110,4;6,72;0,0110;15560,0876
110,6;6,74;0,0110;15567,3951
110,8;6,75;0,0110;15568,7585
111,0;6,76;0,0110;15572,7506
111,2;6,78;0,0110;15580,1833
111,4;6,79;0,0110;15585,9023
111,6;6,80;0,0110;15585,0306
111,8;6,82;0,0110;15592,6436
112,0;6,83;0,0110;15599,3775
112,2;6,84;0,0110;15603,7822
112,4;6,86;0,0110;15605,1815
112,6;6,87;0,0110;15609,2286
112,8;6,88;0,0110;15617,0711
113,0;6,90;0,0110;15616,0608
113,2;6,91;0,0110;15623,2357
113,4;6,92;0,0110;15630,6192
113,6;6,94;0,0110;15635,4263
113,8;6,95;0,0110;15635,4129
114,0;6,96;0,0110;15642,7234
114,2;6,98;0,0110;15648,1907
114,4;6,99;0,0110;15648,2488
114,6;7,00;0,0110;15650,8297
114,8;7,02;0,0110;15659,4411
115,0;7,03;0,0110;15665,1706
115,2;7,04;0,0110;15664,4478
115,4;7,06;0,0110;15671,3337
115,6;7,07;0,0110;15678,5384
115,8;7,08;0,0110;15681,6155
116,0;7,10;0,0110;15681,8002
116,2;7,11;0,0110;15688,0215
116,4;7,12;0,0110;15694,7613
116,6;7,14;0,0110;15695,6047
116,8;7,15;0,0110;15700,0452
117,0;7,16;0,0110;15706,8506
117,2;7,18;0,0110;15712,6665
117,4;7,19;0,0110;15711,5966
117,6;7,20;0,0110;15717,9028
117,8;7,22;0,0110;15724,7216
118,0;7,23;0,0110;15725,5843
118,2;7,24;0,0110;15727,5915
118,4;7,26;0,0110;15735,0406
118,6;7,27;0,0110;15742,0114
118,8;7,28;0,0110;15740,0757
119,0;7,30;0,0110;15747,8318
119,2;7,31;0,0110;15753,0546
119,4;7,32;0,0110;15754,8264
119,6;7,34;0,0110;15755,7622
119,8;7,35;0,0110;15762,7046
120,0;7,36;0,0110;15769,5144
120,2;7,38;0,0110;15769,2134
120,4;7,39;0,0110;15774,4884
120,6;7,40;0,0110;15779,8544
120,8;7,42;0,0110;15785,2679
121,0;7,43;0,0110;15783,5662
121,2;7,44;0,0110;15789,6876
121,4;7,46;0,0110;15796,4498
121,6;7,47;0,0110;15796,7612
121,8;7,48;0,0110;15799,8458
122,0;7,50;0,0110;15805,9835
122,2;7,51;0,0110;15813,4595
122,4;7,52;0,0110;15810,6983
122,6;7,54;0,0110;15814,7201
122,8;7,55;0,0110;15821,9546
123,0;7,56;0,0110;15824,2747
123,2;7,58;0,0110;15823,7442
123,4;7,59;0,0110;15829,1250
123,6;7,60;0,0110;15837,0361
123,8;7,62;0,0110;15836,9914
124,0;7,63;0,0110;15842,0458
124,2;7,64;0,0110;15846,9617
124,4;7,66;0,0110;15852,5109
124,6;7,67;0,0110;15850,2594
124,8;7,68;0,0110;15854,5315
125,0;7,70;0,0110;15862,6780
125,2;7,71;0,0110;15862,7152
125,4;7,72;0,0110;15867,3078
125,6;7,74;0,0110;15872,8614
125,8;7,75;0,0110;15880,6816
126,0;7,76;0,0110;15877,6671
126,2;7,78;0,0110;15881,8752
126,4;7,79;0,0110;15888,3736
126,6;7,80;0,0110;15889,2214
126,8;7,82;0,0110;15889,4062
127,0;7,83;0,0110;15896,0178
127,2;7,84;0,0110;15904,3700
127,4;7,86;0,0110;15902,8903
127,6;7,87;0,0110;15906,3265
127,8;7,88;0,0110;15912,9813
128,0;7,90;0,0110;15918,5261
128,2;7,91;0,0110;15915,1390
128,4;7,92;0,0110;15919,0223
128,6;7,94;0,0110;15926,5459
128,8;7,95;0,0110;15927,8244
129,0;7,96;0,0110;15930,7078
129,2;7,98;0,0110;15934,4986
129,4;7,99;0,0110;15942,2815
129,6;8,00;0,0110;15940,0985
129,8;8,02;0,0110;15946,0559
130,0;8,03;0,0110;15950,4548
130,2;8,04;0,0110;15952,3293
130,4;8,06;0,0110;15952,9224
130,6;8,07;0,0110;15957,4792
130,8;8,08;0,0110;15965,1369
131,0;8,10;0,0110;15963,8405
131,2;8,11;0,0110;15967,2320
131,4;8,12;0,0110;15972,9451
131,6;8,14;0,0110;15977,1755
131,8;8,15;0,0110;15975,5260
132,0;8,16;0,0110;15978,4958
132,2;8,18;0,0110;15986,5111
132,4;8,19;0,0110;15986,2146
132,6;8,20;0,0110;15989,1516
132,8;8,22;0,0110;15993,2598
133,0;8,23;0,0110;15999,9982
133,2;8,24;0,0110;15997,6229
133,4;8,26;0,0110;16000,3975
133,6;8,27;0,0110;16007,2565
133,8;8,28;0,0110;16009,5900
134,0;8,30;0,0110;16009,6511
134,2;8,31;0,0110;16013,0501
134,4;8,32;0,0110;16021,7449
134,6;8,34;0,0110;16019,3950
134,8;8,35;0,0110;16022,4363
135,0;8,36;0,0110;16027,7352
135,2;8,38;0,0110;16031,7093
135,4;8,39;0,0110;16031,9522
135,6;8,40;0,0110;16032,4812
135,8;8,42;0,0110;16040,3058
136,0;8,43;0,0110;16040,2536
136,2;8,44;0,0110;16043,5677
136,4;8,46;0,0110;16047,1201
136,6;8,47;0,0110;16052,9464
136,8;8,48;0,0110;16052,6201
137,0;8,50;0,0110;16055,5035
137,2;8,51;0,0110;16061,8037
137,4;8,52;0,0110;16061,6726
137,6;8,54;0,0110;16062,6352
137,8;8,55;0,0110;16066,2413
138,0;8,56;0,0110;16075,6513
138,2;8,58;0,0110;16071,6325
138,4;8,59;0,0110;16074,7215
138,6;8,60;0,0110;16079,3528
138,8;8,62;0,0110;16083,8380
139,0;8,63;0,0110;16083,4804
139,2;8,64;0,0110;16085,6515
139,4;8,66;0,0110;16093,5208
139,6;8,67;0,0110;16093,4731
139,8;8,68;0,0110;16095,7471
140,0;8,70;0,0110;16098,4710
140,2;8,71;0,0110;16106,2464
140,4;8,72;0,0110;16103,5746
140,6;8,74;0,0110;16104,8338
140,8;8,75;0,0110;16112,5571
141,0;8,76;0,0110;16114,3094
141,2;8,78;0,0110;16115,6312
141,4;8,79;0,0110;16117,4953
141,6;8,80;0,0110;16124,4303
141,8;8,82;0,0110;16124,0935
142,0;8,83;0,0110;16126,1678
142,2;8,84;0,0110;16129,7023
142,4;8,86;0,0110;16133,6586
142,6;8,87;0,0110;16133,2712
142,8;8,88;0,0110;16136,0309
143,0;8,90;0,0110;16143,8510
143,2;8,91;0,0110;16142,8109
143,4;8,92;0,0110;16144,2816
143,6;8,94;0,0110;16147,7461
143,8;8,95;0,0110;16154,1507
144,0;8,96;0,0110;16152,3670
144,2;8,98;0,0110;16151,7158
144,4;8,99;0,0110;16162,0170
144,6;9,00;0,0110;16162,4074
144,8;9,02;0,0110;16162,3508
145,0;9,03;0,0110;16164,2522
145,2;9,04;0,0110;16172,5134
145,4;9,06;0,0110;16171,3019
145,6;9,07;0,0110;16170,7580
145,8;9,08;0,0110;16177,6587
146,0;9,10;0,0110;16180,1413
146,2;9,11;0,0110;16180,0086
146,4;9,12;0,0110;16180,5436
146,6;9,14;0,0110;16187,3668
146,8;9,15;0,0110;16189,3770
147,0;9,16;0,0110;16188,5262
147,2;9,18;0,0110;16193,4644
147,4;9,19;0,0110;16197,0735
147,6;9,20;0,0110;16196,8917
147,8;9,22;0,0110;16196,8499
148,0;9,23;0,0110;16204,1664
148,2;9,24;0,0110;16206,3539
148,4;9,26;0,0110;16206,7994
148,6;9,27;0,0110;16209,7871
148,8;9,28;0,0110;16213,9133
149,0;9,30;0,0110;16213,4826
149,2;9,31;0,0110;16213,7389
149,4;9,32;0,0110;16219,9244
149,6;9,34;0,0110;16222,1566
149,8;9,35;0,0110;16223,0223
150,0;9,36;0,0110;16223,3412
150,2;9,38;0,0110;16231,0883
150,4;9,39;0,0110;16230,2524
150,6;9,40;0,0110;16229,8262
150,8;9,42;0,0110;16233,3697
151,0;9,43;0,0110;16238,8593
151,2;9,44;0,0110;16238,8906
151,4;9,46;0,0110;16238,1887
151,6;9,47;0,0110;16244,1999
151,8;9,48;0,0110;16247,2561
152,0;9,50;0,0110;16246,9715
152,2;9,51;0,0110;16248,0935
152,4;9,52;0,0110;16254,1166
152,6;9,54;0,0110;16254,3923
152,8;9,55;0,0110;16252,8798
153,0;9,56;0,0110;16258,7672
153,2;9,58;0,0110;16261,0784
153,4;9,59;0,0110;16262,7593
153,6;9,60;0,0110;16262,1319
153,8;9,62;0,0110;16270,6122
154,0;9,63;0,0110;16270,7195
154,2;9,64;0,0110;16269,3262
154,4;9,66;0,0110;16272,2602
154,6;9,67;0,0110;16277,2536
154,8;9,68;0,0110;16278,2907
155,0;9,70;0,0110;16276,6576
155,2;9,71;0,0110;16283,8474
155,4;9,72;0,0110;16284,9203
155,6;9,74;0,0110;16284,2065
155,8;9,75;0,0110;16287,6010
156,0;9,76;0,0110;16293,1323
156,2;9,78;0,0110;16292,1265
156,4;9,79;0,0110;16289,4547
156,6;9,80;0,0110;16296,7667
156,8;9,82;0,0110;16300,4294
157,0;9,83;0,0110;16298,8812
157,2;9,84;0,0110;16301,0225
157,4;9,86;0,0110;16307,7101
157,6;9,87;0,0110;16307,7474
157,8;9,88;0,0110;16305,0115
158,0;9,90;0,0110;16309,1347
158,2;9,91;0,0110;16313,2310
158,4;9,92;0,0110;16314,6302
158,6;9,94;0,0110;16312,8674
158,8;9,95;0,0110;16318,8830
159,0;9,96;0,0110;16322,4235
159,2;9,98;0,0110;16321,6949
159,4;9,99;0,0110;16322,7081
159,6;10,0;0,0110;16326,4766
159,8;10,0;0,0110;16327,8624
160,0;10,0;0,0110;16326,9937
160,2;10,0;0,0110;16332,5012
160,4;10,1;0,0110;16334,6604
160,6;10,1;0,0110;16336,3442
160,8;10,1;0,0110;16335,2951
161,0;10,1;0,0110;16340,1350
161,2;10,1;0,0110;16341,4732
161,4;10,1;0,0110;16339,1382
161,6;10,1;0,0110;16343,6979
161,8;10,1;0,0110;16349,2173
162,0;10,2;0,0110;16349,5988
162,2;10,2;0,0110;16346,5127
162,4;10,2;0,0110;16352,8129
162,6;10,2;0,0110;16354,4312
162,8;10,2;0,0110;16353,5461
163,0;10,2;0,0110;16354,9259
163,2;10,2;0,0110;16360,7553
163,4;10,3;0,0110;16362,6149
163,6;10,3;0,0110;16358,2206
163,8;10,3;0,0110;16364,9738
164,0;10,3;0,0110;16367,7216
164,2;10,3;0,0110;16367,6187
164,4;10,3;0,0110;16366,4162
164,6;10,3;0,0110;16372,8759
164,8;10,3;0,0110;16374,6595
165,0;10,4;0,0110;16371,9580
165,2;10,4;0,0110;16375,7801
165,4;10,4;0,0110;16379,1746
165,6;10,4;0,0110;16381,0953
165,8;10,4;0,0110;16378,8065
166,0;10,4;0,0110;16386,1051
166,2;10,4;0,0110;16386,2765
166,4;10,5;0,0110;16384,4764
166,6;10,5;0,0110;16386,0947
166,8;10,5;0,0110;16390,9107
167,0;10,5;0,0110;16392,5543
167,2;10,5;0,0110;16390,6500
167,4;10,5;0,0110;16396,1783
167,6;10,5;0,0110;16397,9068
167,8;10,5;0,0110;16397,9411
168,0;10,6;0,0110;16397,1350
168,2;10,6;0,0110;16401,6828
168,4;10,6;0,0110;16404,8284
168,6;10,6;0,0110;16400,7246
168,8;10,6;0,0110;16405,2159
169,0;10,6;0,0110;16408,3436
169,2;10,6;0,0110;16410,6205
169,4;10,7;0,0110;16407,3989
169,6;10,7;0,0110;16413,5233
169,8;10,7;0,0110;16414,6960
170,0;10,7;0,0110;16413,4040
170,2;10,7;0,0110;16414,7601
170,4;10,7;0,0110;16419,4107
170,6;10,7;0,0110;16421,4835
170,8;10,7;0,0110;16418,1933
171,0;10,8;0,0110;16424,2461
171,2;10,8;0,0110;16426,1207
171,4;10,8;0,0110;16426,0402
171,6;10,8;0,0110;16423,5741
171,8;10,8;0,0110;16428,3752
172,0;10,8;0,0110;16430,8116
172,2;10,8;0,0110;16428,4214
172,4;10,9;0,0110;16433,1466
172,6;10,9;0,0110;16435,9346
172,8;10,9;0,0110;16438,2041
173,0;10,9;0,0110;16433,3344
173,2;10,9;0,0110;16440,6091
173,4;10,9;0,0110;16441,0591
173,6;10,9;0,0110;16438,2562
173,8;10,9;0,0110;16440,6627
174,0;11,0;0,0110;16446,8840
174,2;11,0;0,0110;16448,4099
174,4;11,0;0,0110;16443,4880
174,6;11,0;0,0110;16449,1713
174,8;11,0;0,0110;16451,9072
175,0;11,0;0,0110;16452,6835
175,2;11,0;0,0110;16451,0131
175,4;11,1;0,0110;16455,1705
175,6;11,1;0,0110;16457,8155
175,8;11,1;0,0110;16453,8622
176,0;11,1;0,0110;16458,2089
176,2;11,1;0,0110;16460,7123
176,4;11,1;0,0110;16463,7893
176,6;11,1;0,0110;16459,2281
176,8;11,1;0,0110;16463,9637
177,0;11,2;0,0110;16467,4237
177,2;11,2;0,0110;16464,2587
177,4;11,2;0,0110;16466,1184
177,6;11,2;0,0110;16469,9331
177,8;11,2;0,0110;16473,7642
178,0;11,2;0,0110;16469,0346
178,2;11,2;0,0110;16473,6867
178,4;11,3;0,0110;16475,4972
178,6;11,3;0,0110;16474,6672
178,8;11,3;0,0110;16473,9355
179,0;11,3;0,0110;16478,2569
179,2;11,3;0,0110;16481,2148
179,4;11,3;0,0110;16478,4744
179,6;11,3;0,0110;16482,0462
179,8;11,3;0,0110;16484,8521
180,0;11,4;0,0110;16486,4138
180,2;11,4;0,0110;16481,7467
180,4;11,4;0,0110;16484,6674
180,6;11,4;0,0110;16489,1660
180,8;11,4;0,0110;16486,9174
181,0;11,4;0,0110;16488,2004
181,2;11,4;0,0110;16491,4310
181,4;11,5;0,0110;16495,7210
181,6;11,5;0,0110;16491,2403
181,8;11,5;0,0110;16494,1147
182,0;11,5;0,0110;16497,9070
182,2;11,5;0,0110;16497,1888
182,4;11,5;0,0110;16495,6510
182,6;11,5;0,0110;16499,0976
182,8;11,5;0,0110;16502,9600
183,0;11,6;0,0110;16500,2048
183,2;11,6;0,0110;16503,5412
183,4;11,6;0,0110;16505,7242
183,6;11,6;0,0110;16506,3471
183,8;11,6;0,0110;16503,3981
184,0;11,6;0,0110;16506,1578
184,2;11,6;0,0110;16510,4166
184,4;11,7;0,0110;16507,5034
184,6;11,7;0,0110;16509,4241
184,8;11,7;0,0110;16512,9751
185,0;11,7;0,0110;16515,3012
185,2;11,7;0,0110;16512,0974
185,4;11,7;0,0110;16514,5144
185,6;11,7;0,0110;16517,3769
185,8;11,7;0,0110;16515,0329
186,0;11,8;0,0110;16515,5455
186,2;11,8;0,0110;16519,3126
186,4;11,8;0,0110;16523,6667
186,6;11,8;0,0110;16519,0235
186,8;11,8;0,0110;16521,5850
187,0;11,8;0,0110;16525,0555
187,2;11,8;0,0110;16526,2759
187,4;11,9;0,0110;16523,2688
187,6;11,9;0,0110;16524,9974
187,8;11,9;0,0110;16528,8925
188,0;11,9;0,0110;16527,7258
188,2;11,9;0,0110;16528,2369
188,4;11,9;0,0110;16531,7923
188,6;11,9;0,0110;16534,7189
188,8;11,9;0,0110;16531,8727
189,0;12,0;0,0110;16533,2749
189,2;12,0;0,0110;16536,7544
189,4;12,0;0,0110;16533,6832
189,6;12,0;0,0110;16534,3463
189,8;12,0;0,0110;16537,7170
190,0;12,0;0,0110;16541,7790
190,2;12,0;0,0110;16538,5887
190,4;12,1;0,0110;16538,2564
190,6;12,1;0,0110;16543,6670
190,8;12,1;0,0110;16542,7551
191,0;12,1;0,0110;16541,1100
191,2;12,1;0,0110;16542,7312
191,4;12,1;0,0110;16547,7961
191,6;12,1;0,0110;16544,3629
191,8;12,1;0,0110;16544,7220
192,0;12,2;0,0110;16548,4607
192,2;12,2;0,0110;16550,7630
192,4;12,2;0,0110;16546,8231
192,6;12,2;0,0110;16549,3280
192,8;12,2;0,0110;16554,3914
193,0;12,2;0,0110;16551,2830
193,2;12,2;0,0110;16550,8792
193,4;12,3;0,0110;16553,9533
193,6;12,3;0,0110;16559,0718
193,8;12,3;0,0110;16554,8787
194,0;12,3;0,0110;16556,3986
194,2;12,3;0,0110;16558,5220
194,4;12,3;0,0110;16558,8111
194,6;12,3;0,0110;16557,3046
194,8;12,3;0,0110;16558,3029
195,0;12,4;0,0110;16562,8374
195,2;12,4;0,0110;16561,2891
195,4;12,4;0,0110;16561,1789
195,6;12,4;0,0110;16563,3529
195,8;12,4;0,0110;16565,4868
196,0;12,4;0,0110;16561,3994
196,2;12,4;0,0110;16563,9088
196,4;12,5;0,0110;16568,1630
196,6;12,5;0,0110;16566,2333
196,8;12,5;0,0110;16566,1424
197,0;12,5;0,0110;16567,5163
197,2;12,5;0,0110;16572,6736
197,4;12,5;0,0110;16568,6071
197,6;12,5;0,0110;16568,1466
197,8;12,5;0,0110;16573,0864
198,0;12,6;0,0110;16573,6854
198,2;12,6;0,0110;16571,0524
198,4;12,6;0,0110;16571,5590
198,6;12,6;0,0110;16576,3810
198,8;12,6;0,0110;16574,4290
199,0;12,6;0,0110;16574,1161
199,2;12,6;0,0110;16577,7594
199,4;12,7;0,0110;16580,2360
199,6;12,7;0,0110;16576,4779
199,8;12,7;0,0110;16575,7477
200,0;12,7;0,0110;16581,9660
200,2;12,7;0,0110;16579,8366
200,4;12,7;0,0110;16578,2318
200,6;12,7;0,0110;16581,2314
200,8;12,7;0,0110;16585,5914
201,0;12,8;0,0110;16581,9854
201,2;12,8;0,0110;16581,1688
201,4;12,8;0,0110;16585,1787
201,6;12,8;0,0110;16584,8166
201,8;12,8;0,0110;16583,5202
202,0;12,8;0,0110;16584,7689
202,2;12,8;0,0110;16591,1674
202,4;12,9;0,0110;16587,8385
202,6;12,9;0,0110;16585,8492
202,8;12,9;0,0110;16589,5835
203,0;12,9;0,0110;16590,1288
203,2;12,9;0,0110;16588,2751
203,4;12,9;0,0110;16587,4273
203,6;12,9;0,0110;16594,7482
203,8;12,9;0,0110;16591,7829
204,0;13,0;0,0110;16591,0006
204,2;13,0;0,0110;16592,1211
204,4;13,0;0,0110;16597,7553
204,6;13,0;0,0110;16592,9586
204,8;13,0;0,0110;16592,0421
205,0;13,0;0,0110;16596,3724
205,2;13,0;0,0110;16596,2443
205,4;13,1;0,0110;16594,8287
205,6;13,1;0,0110;16594,8838
205,8;13,1;0,0110;16600,1514
206,0;13,1;0,0110;16598,1695
206,2;13,1;0,0110;16596,5661
206,4;13,1;0,0110;16597,8283
206,6;13,1;0,0110;16600,1961
206,8;13,1;0,0110;16598,4169
207,0;13,2;0,0110;16598,2068
207,2;13,2;0,0110;16604,0957
207,4;13,2;0,0110;16601,1944
207,6;13,2;0,0110;16600,5760
207,8;13,2;0,0110;16601,4314
208,0;13,2;0,0110;16606,1550
208,2;13,2;0,0110;16601,8963
208,4;13,3;0,0110;16600,4747
208,6;13,3;0,0110;16606,2862
208,8;13,3;0,0110;16606,0194
209,0;13,3;0,0110;16604,3520
209,2;13,3;0,0110;16604,0212
209,4;13,3;0,0110;16610,8787
209,6;13,3;0,0110;16606,8509
209,8;13,3;0,0110;16604,4265
210,0;13,4;0,0110;16607,7167
210,2;13,4;0,0110;16610,5956
210,4;13,4;0,0110;16607,6630
210,6;13,4;0,0110;16606,1088
210,8;13,4;0,0110;16612,3345
211,0;13,4;0,0110;16611,2393
211,2;13,4;0,0110;16609,5689
211,4;13,5;0,0110;16609,9399
211,6;13,5;0,0110;16614,1674
211,8;13,5;0,0110;16610,1709
212,0;13,5;0,0110;16608,7940
212,2;13,5;0,0110;16613,5564
212,4;13,5;0,0110;16613,7248
212,6;13,5;0,0110;16613,6563
212,8;13,5;0,0110;16612,0455
213,0;13,6;0,0110;16617,6796
213,2;13,6;0,0110;16613,9603
213,4;13,6;0,0110;16611,5388
213,6;13,6;0,0110;16614,8111
213,8;13,6;0,0110;16616,7513
214,0;13,6;0,0110;16615,8333
214,2;13,6;0,0110;16613,7025
214,4;13,7;0,0110;16620,2962
214,6;13,7;0,0110;16616,7691
214,8;13,7;0,0110;16615,9332
215,0;13,7;0,0110;16617,0344
215,2;13,7;0,0110;16620,1353
215,4;13,7;0,0110;16618,4649
215,6;13,7;0,0110;16616,4711
215,8;13,7;0,0110;16621,4898
216,0;13,8;0,0110;16621,6657
216,2;13,8;0,0110;16619,4901
216,4;13,8;0,0110;16617,8152
216,6;13,8;0,0110;16622,4584
216,8;13,8;0,0110;16621,7431
217,0;13,8;0,0110;16619,4052
217,2;13,8;0,0110;16621,4153
217,4;13,9;0,0110;16623,4180
217,6;13,9;0,0110;16622,4152
217,8;13,9;0,0110;16619,4588
218,0;13,9;0,0110;16625,2613
218,2;13,9;0,0110;16622,1887
218,4;13,9;0,0110;16622,7311
218,6;13,9;0,0110;16623,0038
218,8;13,9;0,0110;16626,4310
219,0;14,0;0,0110;16623,7190
219,2;14,0;0,0110;16621,8102
219,4;14,0;0,0110;16627,7766
219,6;14,0;0,0110;16626,2895
219,8;14,0;0,0110;16625,7411
220,0;14,0;0,0110;16624,1497
220,2;14,0;0,0110;16628,4636
220,4;14,1;0,0110;16626,1181
220,6;14,1;0,0110;16623,3137
220,8;14,1;0,0110;16626,5145
221,0;14,1;0,0110;16629,1609
221,2;14,1;0,0110;16627,0047
221,4;14,1;0,0110;16624,6831
221,6;14,1;0,0110;16630,6689
221,8;14,1;0,0110;16628,6230
222,0;14,2;0,0110;16626,3118
222,2;14,2;0,0110;16628,1283
222,4;14,2;0,0110;16630,9416
222,6;14,2;0,0110;16627,7766
222,8;14,2;0,0110;16625,8052
223,0;14,2;0,0110;16631,5973
223,2;14,2;0,0110;16630,4648
223,4;14,3;0,0110;16629,0313
223,6;14,3;0,0110;16628,0538
223,8;14,3;0,0110;16632,1501
224,0;14,3;0,0110;16630,9878
224,2;14,3;0,0110;16626,8617
224,4;14,3;0,0110;16629,8643
224,6;14,3;0,0110;16631,6420
224,8;14,3;0,0110;16631,7672
225,0;14,4;0,0110;16630,2353
225,2;14,4;0,0110;16633,4525
225,4;14,4;0,0110;16631,1994
225,6;14,4;0,0110;16628,1685
225,8;14,4;0,0110;16630,5289
226,0;14,4;0,0110;16633,3258
226,2;14,4;0,0110;16632,2872
226,4;14,5;0,0110;16628,4680
226,6;14,5;0,0110;16633,8667
226,8;14,5;0,0110;16633,9278
227,0;14,5;0,0110;16630,7956
227,2;14,5;0,0110;16629,9939
227,4;14,5;0,0110;16633,7684
227,6;14,5;0,0110;16634,3361
227,8;14,5;0,0110;16629,0060
228,0;14,6;0,0110;16632,1531
228,2;14,6;0,0110;16634,6550
228,4;14,6;0,0110;16633,3139
228,6;14,6;0,0110;16630,7300
228,8;14,6;0,0110;16633,9114
229,0;14,6;0,0110;16634,8338
229,2;14,6;0,0110;16630,5900
229,4;14,7;0,0110;16631,0966
229,6;14,7;0,0110;16634,6744
229,8;14,7;0,0110;16633,5553
230,0;14,7;0,0110;16630,7509
230,2;14,7;0,0110;16635,5371
230,4;14,7;0,0110;16635,9708
230,6;14,7;0,0110;16632,2872
230,8;14,7;0,0110;16631,9862
231,0;14,8;0,0110;16633,8444
231,2;14,8;0,0110;16633,0874
231,4;14,8;0,0110;16630,8388
231,6;14,8;0,0110;16635,6280
231,8;14,8;0,0110;16636,3895
232,0;14,8;0,0110;16633,7132
232,2;14,8;0,0110;16630,7107
232,4;14,9;0,0110;16634,2825
232,6;14,9;0,0110;16635,4626
232,8;14,9;0,0110;16630,5363
233,0;14,9;0,0110;16633,1366
233,2;14,9;0,0110;16636,5564
233,4;14,9;0,0110;16635,5729
233,6;14,9;0,0110;16631,5675
233,8;14,9;0,0110;16634,5507
234,0;15,0;0,0110;16637,2314
234,2;15,0;0,0110;16632,4571
234,4;15,0;0,0110;16631,8372
234,6;15,0;0,0110;16635,1587
234,8;15,0;0,0110;16634,4881
235,0;15,0;0,0110;16631,4825
235,2;15,0;0,0110;16634,1722
235,4;15,1;0,0110;16636,1302
235,6;15,1;0,0110;16633,7565
235,8;15,1;0,0110;16630,9878
236,0;15,1;0,0110;16632,7730
236,2;15,1;0,0110;16634,5179
236,4;15,1;0,0110;16631,0579
236,6;15,1;0,0110;16632,4049
236,8;15,1;0,0110;16634,8010
237,0;15,2;0,0110;16634,6386
237,2;15,2;0,0110;16630,6406
237,4;15,2;0,0110;16634,2035
237,6;15,2;0,0110;16635,1467
237,8;15,2;0,0110;16630,6034
238,0;15,2;0,0110;16630,8448
238,2;15,2;0,0110;16633,4882
238,4;15,3;0,0110;16633,9442
238,6;15,3;0,0110;16629,3487
238,8;15,3;0,0110;16632,1307
239,0;15,3;0,0110;16635,7905
239,2;15,3;0,0110;16631,4438
239,4;15,3;0,0110;16629,4605
239,6;15,3;0,0110;16632,1427
239,8;15,3;0,0110;16633,5657
240,0;15,4;0,0110;16629,7361
240,2;15,4;0,0110;16630,2487
240,4;15,4;0,0110;16632,7462
240,6;15,4;0,0110;16632,9309
240,8;15,4;0,0110;16629,2667
241,0;15,4;0,0110;16631,6792
241,2;15,4;0,0110;16632,3781
241,4;15,5;0,0110;16629,3263
241,6;15,5;0,0110;16628,6722
241,8;15,5;0,0110;16630,4275
242,0;15,5;0,0110;16632,5301
242,2;15,5;0,0110;16627,6261
242,4;15,5;0,0110;16631,1800
242,6;15,5;0,0110;16632,0086
242,8;15,5;0,0110;16630,0729
243,0;15,6;0,0110;16625,4044
243,2;15,6;0,0110;16627,8958
243,4;15,6;0,0110;16631,5436
243,6;15,6;0,0110;16626,7335
243,8;15,6;0,0110;16627,9137
244,0;15,6;0,0110;16629,2310
244,2;15,6;0,0110;16630,1593
244,4;15,7;0,0110;16625,8305
244,6;15,7;0,0110;16628,3816
244,8;15,7;0,0110;16628,8748
245,0;15,7;0,0110;16625,6651
245,2;15,7;0,0110;16624,7398
245,4;15,7;0,0110;16627,2163
245,6;15,7;0,0110;16628,5232
245,8;15,7;0,0110;16622,9188
246,0;15,8;0,0110;16625,8395
246,2;15,8;0,0110;16627,9972
246,4;15,8;0,0110;16626,9928
246,6;15,8;0,0110;16622,2051
246,8;15,8;0,0110;16625,0557
247,0;15,8;0,0110;16626,7276
247,2;15,8;0,0110;16621,7268
247,4;15,9;0,0110;16624,2763
247,6;15,9;0,0110;16625,3924
247,8;15,9;0,0110;16626,4221
248,0;15,9;0,0110;16621,4243
248,2;15,9;0,0110;16623,4046
248,4;15,9;0,0110;16624,6101
248,6;15,9;0,0110;16621,2395
248,8;15,9;0,0110;16621,8415
249,0;16,0;0,0110;16622,7236
249,2;16,0;0,0110;16624,4850
249,4;16,0;0,0110;16618,7465
249,6;16,0;0,0110;16621,7551
249,8;16,0;0,0110;16622,5225
250,0;16,0;0,0110;16620,0608
250,2;16,0;0,0110;16617,1536
250,4;16,1;0,0110;16620,3573
250,6;16,1;0,0110;16622,5389
250,8;16,1;0,0110;16617,7854
251,0;16,1;0,0110;16618,5349
251,2;16,1;0,0110;16619,3604
251,4;16,1;0,0110;16621,1054
251,6;16,1;0,0110;16614,9139
251,8;16,1;0,0110;16616,9986
252,0;16,2;0,0110;16619,5199
252,2;16,2;0,0110;16615,7708
252,4;16,2;0,0110;16614,4222
252,6;16,2;0,0110;16616,2401
252,8;16,2;0,0110;16618,3650
253,0;16,2;0,0110;16614,9810
253,2;16,2;0,0110;16615,3714
253,4;16,3;0,0110;16617,0895
253,6;16,3;0,0110;16615,1300
253,8;16,3;0,0110;16612,7995
254,0;16,3;0,0110;16612,3748
254,2;16,3;0,0110;16616,2819
254,4;16,3;0,0110;16611,8160
254,6;16,3;0,0110;16612,7816
254,8;16,3;0,0110;16613,5356
255,0;16,4;0,0110;16612,2660
255,2;16,4;0,0110;16608,2248
255,4;16,4;0,0110;16609,7000
255,6;16,4;0,0110;16613,7516
255,8;16,4;0,0110;16608,9863
256,0;16,4;0,0110;16608,4111
256,2;16,4;0,0110;16610,1500
256,4;16,5;0,0110;16612,1274
256,6;16,5;0,0110;16605,1939
256,8;16,5;0,0110;16606,8614
257,0;16,5;0,0110;16609,3022
257,2;16,5;0,0110;16606,4173
257,4;16,5;0,0110;16604,5412
257,6;16,5;0,0110;16605,6082
257,8;16,5;0,0110;16608,3485
258,0;16,6;0,0110;16602,5132
258,2;16,6;0,0110;16603,6785
258,4;16,6;0,0110;16605,2938
258,6;16,6;0,0110;16605,3981
258,8;16,6;0,0110;16600,3361
259,0;16,6;0,0110;16601,4969
259,2;16,6;0,0110;16605,1134
259,4;16,7;0,0110;16601,5044
259,6;16,7;0,0110;16600,4166
259,8;16,7;0,0110;16601,5849
260,0;16,7;0,0110;16603,0884
260,2;16,7;0,0110;16597,7746
260,4;16,7;0,0110;16599,0055
260,6;16,7;0,0110;16599,7013
260,8;16,7;0,0110;16597,8998
261,0;16,8;0,0110;16597,3440
261,2;16,8;0,0110;16597,1771
261,4;16,8;0,0110;16600,1201
261,6;16,8;0,0110;16594,8331
261,8;16,8;0,0110;16594,2982
262,0;16,8;0,0110;16596,3322
262,2;16,8;0,0110;16596,2681
262,4;16,9;0,0110;16593,5859
262,6;16,9;0,0110;16592,1196
262,8;16,9;0,0110;16596,4499
263,0;16,9;0,0110;16591,5966
263,2;16,9;0,0110;16590,3151
263,4;16,9;0,0110;16591,9408
263,6;16,9;0,0110;16593,7990
263,8;16,9;0,0110;16589,2944
264,0;17,0;0,0110;16587,7834
264,2;17,0;0,0110;16590,6876
264,4;17,0;0,0110;16588,7803
264,6;17,0;0,0110;16587,2738
264,8;17,0;0,0110;16587,0473
265,0;17,0;0,0110;16590,3881
265,2;17,0;0,0110;16585,1489
265,4;17,1;0,0110;16583,4114
265,6;17,1;0,0110;16585,1295
265,8;17,1;0,0110;16585,5631
266,0;17,1;0,0110;16581,8021
266,2;17,1;0,0110;16581,5130
266,4;17,1;0,0110;16586,1398
266,6;17,1;0,0110;16581,8661
266,8;17,1;0,0110;16580,5459
267,0;17,2;0,0110;16580,6666
267,2;17,2;0,0110;16581,7156
267,4;17,2;0,0110;16578,3793
267,6;17,2;0,0110;16576,9726
267,8;17,2;0,0110;16580,0303
268,0;17,2;0,0110;16577,6372
268,2;17,2;0,0110;16574,5661
268,4;17,3;0,0110;16576,1784
268,6;17,3;0,0110;16578,6773
268,8;17,3;0,0110;16573,7629
269,0;17,3;0,0110;16572,2325
269,2;17,3;0,0110;16574,6674
269,4;17,3;0,0110;16574,1935
269,6;17,3;0,0110;16570,2730
269,8;17,3;0,0110;16569,0914
270,0;17,4;0,0110;16572,4486
270,2;17,4;0,0110;16571,0598
270,4;17,4;0,0110;16568,7263
270,6;17,4;0,0110;16568,8455
270,8;17,4;0,0110;16569,1867
271,0;17,4;0,0110;16567,1051
271,2;17,4;0,0110;16564,1055
271,4;17,5;0,0110;16566,8413
271,6;17,5;0,0110;16565,2916
271,8;17,5;0,0110;16564,5510
272,0;17,5;0,0110;16562,9447
272,2;17,5;0,0110;16565,1605
272,4;17,5;0,0110;16562,3844
272,6;17,5;0,0110;16558,8289
272,8;17,5;0,0110;16562,5647
273,0;17,6;0,0110;16561,5216
273,2;17,6;0,0110;16558,6561
273,4;17,6;0,0110;16557,7501
273,6;17,6;0,0110;16562,0774
273,8;17,6;0,0110;16557,9826
274,0;17,6;0,0110;16554,3243
274,2;17,6;0,0110;16556,1199
274,4;17,7;0,0110;16555,7027
274,6;17,7;0,0110;16552,5824
274,8;17,7;0,0110;16549,9806
275,0;17,7;0,0110;16555,2571
275,2;17,7;0,0110;16552,7731
275,4;17,7;0,0110;16550,3979
275,6;17,7;0,0110;16550,5350
275,8;17,7;0,0110;16552,3618
276,0;17,8;0,0110;16547,8989
276,2;17,8;0,0110;16543,5567
276,4;17,8;0,0110;16547,0839
276,6;17,8;0,0110;16546,9229
276,8;17,8;0,0110;16545,7755
277,0;17,8;0,0110;16543,2215
277,2;17,8;0,0110;16546,8812
277,4;17,9;0,0110;16542,7402
277,6;17,9;0,0110;16539,6214
277,8;17,9;0,0110;16541,4095
278,0;17,9;0,0110;16541,1055
278,2;17,9;0,0110;16538,9225
278,4;17,9;0,0110;16536,8631
278,6;17,9;0,0110;16540,2979
278,8;17,9;0,0110;16536,9377
279,0;18,0;0,0110;16534,7070
279,2;18,0;0,0110;16533,9991
279,4;18,0;0,0110;16535,6070
279,6;18,0;0,0110;16532,3347
279,8;18,0;0,0110;16529,3321
280,0;18,0;0,0110;16532,5701
280,2;18,0;0,0110;16531,4168
280,4;18,1;0,0110;16529,6450
280,6;18,1;0,0110;16526,7706
280,8;18,1;0,0110;16529,1354
281,0;18,1;0,0110;16526,9732
281,2;18,1;0,0110;16523,0870
281,4;18,1;0,0110;16525,1032
281,6;18,1;0,0110;16526,4040
281,8;18,1;0,0110;16522,3807
282,0;18,2;0,0110;16518,4215
282,2;18,2;0,0110;16523,5162
282,4;18,2;0,0110;16521,3168
282,6;18,2;0,0110;16518,5049
282,8;18,2;0,0110;16516,9597
283,0;18,2;0,0110;16517,9461
283,2;18,2;0,0110;16515,7869
283,4;18,3;0,0110;16511,5625
283,6;18,3;0,0110;16514,9972
283,8;18,3;0,0110;16514,3922
284,0;18,3;0,0110;16511,4075
284,2;18,3;0,0110;16509,7833
284,4;18,3;0,0110;16512,0572
284,6;18,3;0,0110;16508,0413
284,8;18,3;0,0110;16503,4026
285,0;18,4;0,0110;16506,4380
285,2;18,4;0,0110;16507,6494
285,4;18,4;0,0110;16504,4367
285,6;18,4;0,0110;16500,1228
285,8;18,4;0,0110;16504,5768
286,0;18,4;0,0110;16502,1166
286,2;18,4;0,0110;16498,0218
286,4;18,5;0,0110;16497,2842
286,6;18,5;0,0110;16499,6251
286,8;18,5;0,0110;16497,0458
287,0;18,5;0,0110;16492,4383
287,2;18,5;0,0110;16495,6033
287,4;18,5;0,0110;16494,2414
287,6;18,5;0,0110;16492,3921
287,8;18,5;0,0110;16489,6473
288,0;18,6;0,0110;16491,8885
288,2;18,6;0,0110;16488,2153
288,4;18,6;0,0110;16484,6331
288,6;18,6;0,0110;16485,6821
288,8;18,6;0,0110;16486,4704
289,0;18,6;0,0110;16485,1680
289,2;18,6;0,0110;16480,4488
289,4;18,7;0,0110;16483,9596
289,6;18,7;0,0110;16481,7452
289,8;18,7;0,0110;16477,4463
290,0;18,7;0,0110;16476,4911
290,2;18,7;0,0110;16477,3762
290,4;18,7;0,0110;16477,7026
290,6;18,7;0,0110;16472,7777
290,8;18,7;0,0110;16475,5628
291,0;18,8;0,0110;16472,7926
291,2;18,8;0,0110;16471,9060
291,4;18,8;0,0110;16467,6845
291,6;18,8;0,0110;16471,7108
291,8;18,8;0,0110;16468,0779
292,0;18,8;0,0110;16462,9206
292,2;18,8;0,0110;16464,9695
292,4;18,9;0,0110;16465,6043
292,6;18,9;0,0110;16463,0830
292,8;18,9;0,0110;16458,3847
293,0;18,9;0,0110;16462,5809
293,2;18,9;0,0110;16459,8569
293,4;18,9;0,0110;16456,2300
293,6;18,9;0,0110;16454,2928
293,8;18,9;0,0110;16455,4819
294,0;19,0;0,0110;16454,0663
294,2;19,0;0,0110;16448,7615
294,4;19,0;0,0110;16452,6030
294,6;19,0;0,0110;16451,1815
294,8;19,0;0,0110;16447,7617
295,0;19,0;0,0110;16443,4820
295,2;19,0;0,0110;16445,8185
295,4;19,1;0,0110;16443,9440
295,6;19,1;0,0110;16438,1951
295,8;19,1;0,0110;16441,1709
296,0;19,1;0,0110;16440,6598
296,2;19,1;0,0110;16439,6197
296,4;19,1;0,0110;16434,1316
296,6;19,1;0,0110;16436,4010
296,8;19,1;0,0110;16433,9438
297,0;19,2;0,0110;16428,6599
297,2;19,2;0,0110;16428,5630
297,4;19,2;0,0110;16431,1528
297,6;19,2;0,0110;16427,6734
297,8;19,2;0,0110;16422,5116
298,0;19,2;0,0110;16425,5723
298,2;19,2;0,0110;16423,9272
298,4;19,3;0,0110;16421,7398
298,6;19,3;0,0110;16418,6031
298,8;19,3;0,0110;16419,7117
299,0;19,3;0,0110;16418,4391
299,2;19,3;0,0110;16412,0719
299,4;19,3;0,0110;16414,1640
299,6;19,3;0,0110;16413,0598
299,8;19,3;0,0110;16412,4012
300,0;19,4;0,0110;16406,7924
300,2;19,4;0,0110;16408,7743
300,4;19,4;0,0110;16406,6121
300,6;19,4;0,0110;16402,4055
300,8;19,4;0,0110;16401,4623
301,0;19,4;0,0110;16401,1821
301,2;19,4;0,0110;16401,2551
301,4;19,5;0,0110;16395,0980
301,6;19,5;0,0110;16397,0605
301,8;19,5;0,0110;16395,2544
302,0;19,5;0,0110;16392,5961
302,2;19,5;0,0110;16388,4938
302,4;19,5;0,0110;16390,1567
302,6;19,5;0,0110;16388,9006
302,8;19,5;0,0110;16383,6956
303,0;19,6;0,0110;16383,3708
303,2;19,6;0,0110;16383,8044
303,4;19,6;0,0110;16381,3218
303,6;19,6;0,0110;16375,2422
303,8;19,6;0,0110;16377,6025
304,0;19,6;0,0110;16377,1570
304,2;19,6;0,0110;16370,8404
304,4;19,7;0,0110;16369,4367
304,6;19,7;0,0110;16370,3874
304,8;19,7;0,0110;16369,9701
305,0;19,7;0,0110;16363,1007
305,2;19,7;0,0110;16365,2033
305,4;19,7;0,0110;16364,3271
305,6;19,7;0,0110;16358,4068
305,8;19,7;0,0110;16355,8587
306,0;19,8;0,0110;16355,3879
306,2;19,8;0,0110;16355,3506
306,4;19,8;0,0110;16351,5002
306,6;19,8;0,0110;16350,1501
306,8;19,8;0,0110;16350,6672
307,0;19,8;0,0110;16346,4099
307,2;19,8;0,0110;16342,5073
307,4;19,9;0,0110;16341,6058
307,6;19,9;0,0110;16341,5372
307,8;19,9;0,0110;16335,4069
308,0;19,9;0,0110;16333,4131
308,2;19,9;0,0110;16334,5531
308,4;19,9;0,0110;16331,9662
308,6;19,9;0,0110;16326,5720
308,8;19,9;0,0110;16326,6972
309,0;20,0;0,0110;16326,5437
309,2;20,0;0,0110;16320,5713
309,4;20,0;0,0110;16317,4763
309,6;20,0;0,0110;16316,6076
309,8;20,0;0,0110;16317,5240
310,0;20,0;0,0110;16311,2476
310,2;20,0;0,0110;16311,0703
310,4;20,1;0,0110;16310,3700
310,6;20,1;0,0110;16307,1215
310,8;20,1;0,0110;16299,9690
311,0;20,1;0,0110;16299,7007
311,2;20,1;0,0110;16300,6186
311,4;20,1;0,0110;16293,5778
311,6;20,1;0,0110;16292,1041
311,8;20,1;0,0110;16292,6912
312,0;20,2;0,0110;16291,4321
312,2;20,2;0,0110;16283,0994
312,4;20,2;0,0110;16282,2425
312,6;20,2;0,0110;16283,0159
312,8;20,2;0,0110;16276,8692
313,0;20,2;0,0110;16273,9977
313,2;20,2;0,0110;16273,9486
313,4;20,3;0,0110;16271,8579
313,6;20,3;0,0110;16265,1062
313,8;20,3;0,0110;16264,5862
314,0;20,3;0,0110;16263,0245
314,2;20,3;0,0110;16259,6807
314,4;20,3;0,0110;16254,8885
314,6;20,3;0,0110;16254,6188
314,8;20,3;0,0110;16253,6085
315,0;20,4;0,0110;16245,5976
315,2;20,4;0,0110;16243,5308
315,4;20,4;0,0110;16243,3803
315,6;20,4;0,0110;16241,2405
315,8;20,4;0,0110;16233,8018
316,0;20,4;0,0110;16232,2521
316,2;20,4;0,0110;16232,2804
316,4;20,5;0,0110;16225,2918
316,6;20,5;0,0110;16221,0867
316,8;20,5;0,0110;16219,9557
317,0;20,5;0,0110;16219,6279
317,2;20,5;0,0110;16213,7553
317,4;20,5;0,0110;16209,6858
317,6;20,5;0,0110;16208,4743
317,8;20,5;0,0110;16204,4793
318,0;20,6;0,0110;16198,5263
318,2;20,6;0,0110;16196,0825
318,4;20,6;0,0110;16196,3940
318,6;20,6;0,0110;16189,3085
318,8;20,6;0,0110;16185,7739
319,0;20,6;0,0110;16183,3912
319,2;20,6;0,0110;16180,6449
319,4;20,7;0,0110;16173,0543
319,6;20,7;0,0110;16170,0234
319,8;20,7;0,0110;16169,6985
320,0;20,7;0,0110;16162,2822
320,2;20,7;0,0110;16157,2978
320,4;20,7;0,0110;16156,5468
320,6;20,7;0,0110;16154,6350
320,8;20,7;0,0110;16146,0131
321,0;20,8;0,0110;16142,1508
321,2;20,8;0,0110;16141,4519
321,4;20,8;0,0110;16135,4557
321,6;20,8;0,0110;16128,4521
321,8;20,8;0,0110;16126,0471
322,0;20,8;0,0110;16125,3914
322,2;20,8;0,0110;16116,8069
322,4;20,9;0,0110;16111,9089
322,6;20,9;0,0110;16109,3220
322,8;20,9;0,0110;16106,1198
323,0;20,9;0,0110;16095,6100
323,2;20,9;0,0110;16091,4421
323,4;20,9;0,0110;16089,6361
323,6;20,9;0,0110;16082,5029
323,8;20,9;0,0110;16076,6557
324,0;21,0;0,0110;16071,7726
324,2;21,0;0,0110;16070,2169
324,4;21,0;0,0110;16061,0944
324,6;21,0;0,0110;16056,5600
324,8;21,0;0,0110;16053,0716
325,0;21,0;0,0110;16047,0605
325,2;21,0;0,0110;16039,2404
325,4;21,1;0,0110;16035,2945
325,6;21,1;0,0110;16033,7999
325,8;21,1;0,0110;16023,3885
326,0;21,1;0,0110;16017,5547
326,2;21,1;0,0110;16014,5268
326,4;21,1;0,0110;16009,0759
326,6;21,1;0,0110;16000,5033
326,8;21,1;0,0110;15994,7947
327,0;21,2;0,0110;15992,4492
327,2;21,2;0,0110;15983,1569
327,4;21,2;0,0110;15975,8568
327,6;21,2;0,0110;15972,0495
327,8;21,2;0,0110;15969,1006
328,0;21,2;0,0110;15957,4240
328,2;21,2;0,0110;15948,6085
328,4;21,3;0,0110;15946,2094
328,6;21,3;0,0110;15939,7632
328,8;21,3;0,0110;15930,4649
329,0;21,3;0,0110;15923,1424
329,2;21,3;0,0110;15922,1619
329,4;21,3;0,0110;15910,5137
329,6;21,3;0,0110;15901,8025
329,8;21,3;0,0110;15895,6930
330,0;21,4;0,0110;15888,3855
330,2;21,4;0,0110;15879,0782
330,4;21,4;0,0110;15872,0881
330,6;21,4;0,0110;15869,5847
330,8;21,4;0,0110;15857,4641
331,0;21,4;0,0110;15849,8392
331,2;21,4;0,0110;15842,3781
331,4;21,5;0,0110;15837,4608
331,6;21,5;0,0110;15825,4415
331,8;21,5;0,0110;15816,3756
332,0;21,5;0,0110;15812,1541
332,2;21,5;0,0110;15802,8781
332,4;21,5;0,0110;15792,8169
332,6;21,5;0,0110;15785,2203
332,8;21,5;0,0110;15781,6470
333,0;21,6;0,0110;15766,7264
333,2;21,6;0,0110;15758,3505
333,4;21,6;0,0110;15752,3036
333,6;21,6;0,0110;15743,9157
333,8;21,6;0,0110;15732,6445
334,0;21,6;0,0110;15721,9470
334,2;21,6;0,0110;15718,7209
334,4;21,7;0,0110;15705,5229
334,6;21,7;0,0110;15695,5928
334,8;21,7;0,0110;15685,1187
335,0;21,7;0,0110;15679,5919
335,2;21,7;0,0110;15665,9648
335,4;21,7;0,0110;15654,4104
335,6;21,7;0,0110;15648,5945
335,8;21,7;0,0110;15637,3903
336,0;21,8;0,0110;15627,2039
336,2;21,8;0,0110;15614,8568
336,4;21,8;0,0110;15609,5207
336,6;21,8;0,0110;15596,2914
336,8;21,8;0,0110;15585,0753
337,0;21,8;0,0110;15576,5742
337,2;21,8;0,0110;15566,3058
337,4;21,9;0,0110;15553,5549
337,6;21,9;0,0110;15542,6994
337,8;21,9;0,0110;15536,9952
338,0;21,9;0,0110;15522,8809
338,2;21,9;0,0110;15510,2521
338,4;21,9;0,0110;15499,8019
338,6;21,9;0,0110;15491,5646
338,8;21,9;0,0110;15475,9824
339,0;22,0;0,0110;15463,1883
339,2;22,0;0,0110;15455,8733
339,4;22,0;0,0110;15443,6290
339,6;22,0;0,0110;15429,2747
339,8;22,0;0,0110;15416,8352
340,0;22,0;0,0110;15410,0329
340,2;22,0;0,0110;15393,3883
340,4;22,1;0,0110;15379,0504
340,6;22,1;0,0110;15370,0829
340,8;22,1;0,0110;15358,9875
341,0;22,1;0,0110;15343,1877
341,2;22,1;0,0110;15329,2298
341,4;22,1;0,0110;15323,5555
341,6;22,1;0,0110;15308,1879
341,8;22,1;0,0110;15292,3033
342,0;22,2;0,0110;15279,6790
342,2;22,2;0,0110;15269,4374
342,4;22,2;0,0110;15253,4813
342,6;22,2;0,0110;15238,9944
342,8;22,2;0,0110;15229,5262
343,0;22,2;0,0110;15215,4893
343,2;22,2;0,0110;15199,8043
343,4;22,3;0,0110;15185,7495
343,6;22,3;0,0110;15175,5437
343,8;22,3;0,0110;15159,1524
344,0;22,3;0,0110;15142,9489
344,2;22,3;0,0110;15132,7699
344,4;22,3;0,0110;15118,7152
344,6;22,3;0,0110;15102,7247
344,8;22,3;0,0110;15086,1591
345,0;22,4;0,0110;15078,1244
345,2;22,4;0,0110;15060,4680
345,4;22,4;0,0110;15041,7313
345,6;22,4;0,0110;15028,1474
345,8;22,4;0,0110;15014,8168
346,0;22,4;0,0110;14998,1230
346,2;22,4;0,0110;14980,0390
346,4;22,5;0,0110;14969,5158
346,6;22,5;0,0110;14954,9156
346,8;22,5;0,0110;14937,4187
347,0;22,5;0,0110;14920,9023
347,2;22,5;0,0110;14907,3124
347,4;22,5;0,0110;14889,7976
347,6;22,5;0,0110;14869,8136
347,8;22,5;0,0110;14858,3248
348,0;22,6;0,0110;14842,4834
348,2;22,6;0,0110;14824,5230
348,4;22,6;0,0110;14805,0293
348,6;22,6;0,0110;14793,4452
348,8;22,6;0,0110;14775,3254
349,0;22,6;0,0110;14754,8705
349,2;22,6;0,0110;14740,3002
349,4;22,7;0,0110;14724,6048
349,6;22,7;0,0110;14706,5997
349,8;22,7;0,0110;14686,9391
350,0;22,7;0,0110;14674,1003
350,2;22,7;0,0110;14655,8464
350,4;22,7;0,0110;14633,9342
350,6;22,7;0,0110;14617,0244
350,8;22,7;0,0110;14600,9088
351,0;22,8;0,0110;14580,0963
351,2;22,8;0,0110;14558,3853
351,4;22,8;0,0110;14544,4095
351,6;22,8;0,0110;14528,6173
351,8;22,8;0,0110;14506,2685
352,0;22,8;0,0110;14487,1950
352,2;22,8;0,0110;14472,0733
352,4;22,9;0,0110;14451,5619
352,6;22,9;0,0110;14428,3354
352,8;22,9;0,0110;14409,4810
353,0;22,9;0,0110;14392,5175
353,2;22,9;0,0110;14372,6379
353,4;22,9;0,0110;14349,2430
353,6;22,9;0,0110;14333,8367
353,8;22,9;0,0110;14313,6278
354,0;23,0;0,0110;14291,3938
354,2;23,0;0,0110;14270,7914
354,4;23,0;0,0110;14251,1517
354,6;23,0;0,0110;14230,7267
354,8;23,0;0,0110;14205,3694
355,0;23,0;0,0110;14188,9334
355,2;23,0;0,0110;14168,3877
355,4;23,1;0,0110;14145,1851
355,6;23,1;0,0110;14121,4788
355,8;23,1;0,0110;14104,2337
356,0;23,1;0,0110;14081,5690
356,2;23,1;0,0110;14056,0612
356,4;23,1;0,0110;14036,0594
356,6;23,1;0,0110;14014,5406
356,8;23,1;0,0110;13991,2799
357,0;23,2;0,0110;13966,0895
357,2;23,2;0,0110;13947,5599
357,4;23,2;0,0110;13924,6657
357,6;23,2;0,0110;13898,4397
357,8;23,2;0,0110;13874,6113
358,0;23,2;0,0110;13854,0283
358,2;23,2;0,0110;13830,4487
358,4;23,3;0,0110;13801,4719
358,6;23,3;0,0110;13782,1794
358,8;23,3;0,0110;13758,8233
359,0;23,3;0,0110;13734,1484
359,2;23,3;0,0110;13706,3920
359,4;23,3;0,0110;13685,0148
359,6;23,3;0,0110;13660,3564
359,8;23,3;0,0110;13631,3945
360,0;23,4;0,0110;13609,0502
360,2;23,4;0,0110;13585,4229
360,4;23,4;0,0110;13557,9005
360,6;23,4;0,0110;13530,3751
360,8;23,4;0,0110;13507,2380
361,0;23,4;0,0110;13481,1804
361,2;23,4;0,0110;13450,7746
361,4;23,5;0,0110;13426,5542
361,6;23,5;0,0110;13400,2745
361,8;23,5;0,0110;13373,3213
362,0;23,5;0,0110;13342,4178
362,2;23,5;0,0110;13318,4463
362,4;23,5;0,0110;13293,2022
362,6;23,5;0,0110;13262,9246
362,8;23,5;0,0110;13233,3964
363,0;23,6;0,0110;13206,8127
363,2;23,6;0,0110;13179,7552
363,4;23,6;0,0110;13146,1307
363,6;23,6;0,0110;13119,1730
363,8;23,6;0,0110;13093,2152
364,0;23,6;0,0110;13064,0894
364,2;23,6;0,0110;13030,1535
364,4;23,7;0,0110;13003,7755
364,6;23,7;0,0110;12974,2742
364,8;23,7;0,0110;12939,5843
365,0;23,7;0,0110;12909,5510
365,2;23,7;0,0110;12881,3967
365,4;23,7;0,0110;12851,7404
365,6;23,7;0,0110;12817,2845
365,8;23,7;0,0110;12788,0082
366,0;23,8;0,0110;12756,9541
366,2;23,8;0,0110;12723,3416
366,4;23,8;0,0110;12688,3298
366,6;23,8;0,0110;12658,9462
366,8;23,8;0,0110;12627,7238
367,0;23,8;0,0110;12590,1297
367,2;23,8;0,0110;12558,6182
367,4;23,9;0,0110;12526,3706
367,6;23,9;0,0110;12491,5145
367,8;23,9;0,0110;12453,9733
368,0;23,9;0,0110;12423,7344
368,2;23,9;0,0110;12389,0415
368,4;23,9;0,0110;12350,5682
368,6;23,9;0,0110;12315,7091
368,8;23,9;0,0110;12282,3030
369,0;24,0;0,0110;12248,1436
369,2;24,0;0,0110;12206,7705
369,4;24,0;0,0110;12174,4357
369,6;24,0;0,0110;12137,5360
369,8;24,0;0,0110;12099,4024
370,0;24,0;0,0110;12059,5470
370,2;24,0;0,0110;12024,6835
370,4;24,1;0,0110;11986,9784
370,6;24,1;0,0110;11944,2686
370,8;24,1;0,0110;11908,4947
371,0;24,1;0,0110;11871,5934
371,2;24,1;0,0110;11831,4020
371,4;24,1;0,0110;11787,3840
371,6;24,1;0,0110;11750,3345
371,8;24,1;0,0110;11709,6186
372,0;24,2;0,0110;11666,6086
372,2;24,2;0,0110;11625,3585
372,4;24,2;0,0110;11585,1477
372,6;24,2;0,0110;11543,8998
372,8;24,2;0,0110;11496,3882
373,0;24,2;0,0110;11456,1193
373,2;24,2;0,0110;11413,3485
373,4;24,3;0,0110;11366,2899
373,6;24,3;0,0110;11321,6653
373,8;24,3;0,0110;11279,5994
374,0;24,3;0,0110;11234,7260
374,2;24,3;0,0110;11184,2997
374,4;24,3;0,0110;11140,2325
374,6;24,3;0,0110;11095,3964
374,8;24,3;0,0110;11047,5175
375,0;24,4;0,0110;10995,8366
375,2;24,4;0,0110;10949,4269
375,4;24,4;0,0110;10902,2588
375,6;24,4;0,0110;10849,2240
375,8;24,4;0,0110;10799,2396
376,0;24,4;0,0110;10750,7855
376,2;24,4;0,0110;10701,6936
376,4;24,5;0,0110;10644,8792
376,6;24,5;0,0110;10592,8518
376,8;24,5;0,0110;10540,7402
377,0;24,5;0,0110;10483,7440
377,2;24,5;0,0110;10427,5294
377,4;24,5;0,0110;10373,7041
377,6;24,5;0,0110;10320,6672
377,8;24,5;0,0110;10258,0130
378,0;24,6;0,0110;10201,0742
378,2;24,6;0,0110;10143,5922
378,4;24,6;0,0110;10083,2760
378,6;24,6;0,0110;10020,1122
378,8;24,6;0,0110;9959,0808
379,0;24,6;0,0110;9897,5144
379,2;24,6;0,0110;9829,2083
379,4;24,7;0,0110;9764,2951
379,6;24,7;0,0110;9695,7244
379,8;24,7;0,0110;9622,3094
380,0;24,7;0,0110;9536,1941
380,2;24,7;0,0110;9145,7777
380,3;24,7;0,0110;-6,0413
